{
    "upS": ["辉骑士·月魄"],
    "upA": ["猎袭装·影铁"],
    "a1": ["女武神·强袭"],
    "a2": ["女武神·荣光"],
    "a3": ["极地战刃"],
    "upSDebris": ["辉骑士·月魄"],
    "upADebris": ["猎袭装·影铁"],
    "a1Debris": ["女武神·强袭"],
    "a2Debris": ["女武神·荣光"],
    "a3Debris": ["极地战刃"],
    "skillMaterial": ["高级技能材料", "初级技能材料"],
    "equipmentMaterial": ["相转移镜面", "超小型反应炉"],
    "characterMaterial": ["特级学习材料", "高级学习材料"],
    "goldMaterial": ["吼咪宝藏", "吼美宝藏", "吼里宝藏"]
}